Metric,Min,Max,Mean,Std,Mean-Std,Mean+Std
Heart Rate (bpm),63.0,126.0,89.15094339622641,12.755163551409725,76.39577984481669,101.90610694763613
Respiratory Rate (breaths/min),4.0,25.0,17.566037735849058,3.6472239842144103,13.918813751634648,21.213261720063468
Pulse Rate (bpm),41.0,117.0,87.41176470588235,14.040803941270092,73.37096076461225,101.45256864715245
SpO2 (%),84.0,100.0,96.6078431372549,3.4304200358633787,93.17742310139153,100.03826317311828
