,Mean,Std,Min,Max
MSE_Time,0.07781773191882538,0.04815359473441696,0.0280493011882054,0.1693328050675354
PSNR,11.80465669975417,2.625984589176225,7.712588972976262,15.52077954154228
Corr,-0.019578055000078358,0.3192060875590651,-0.4925839414990404,0.577273860395797
MSE_Freq,0.0022729139214804593,0.004736618067499497,6.982368677353628e-06,0.015514115109853
