,Mean,Std,Min,Max
MSE_Time,0.03444323966932163,0.016438497984820933,0.0111801151207854,0.0632375261737659
PSNR,13.492760946686285,1.553158418781011,11.302039293060451,16.44424649690654
Corr,-0.0036883469039233783,0.1407275594984227,-0.2222580015452558,0.1831747875404258
MSE_Freq,0.00413456297472353,0.002617207233920809,0.0006038948852681,0.0072551884936209
