,Mean,Std,Min,Max
MSE_Time,0.03243603064016089,0.014027896107676107,0.0195068674506476,0.0519888926029484
PSNR,12.760865986036505,2.2464926039846764,8.844865202693565,14.967818021126932
Corr,0.016635140354858642,0.10168779415946186,-0.0949920561250566,0.1777496887871285
MSE_Freq,0.00350818821230945,0.0021463068064351554,0.0005405046462098,0.0065623535183216
